日期,标题,分数
0120am,武汉：新增新型冠状病毒肺炎病例136例 死亡1例.txt,87.12632275
0120pm,2天增136例 官方回应新型肺炎病例突增原因.txt,29.19605358
0120pm,中方:防疫情扩散 武汉采取出境离汉人员管控措施.txt,78.4000457
0121am,2天增136例 官方回应新型肺炎病例突增原因.txt,29.19605358
0121am,钟南山肯定新型肺炎人传人:病毒可能来自“野味”.txt,201.2712239
0121am,中方:防疫情扩散 武汉采取出境离汉人员管控措施.txt,78.4000457
0121pm,2天增136例 官方回应新型肺炎病例突增原因.txt,29.19605358
0121pm,全国累计报告新型冠状病毒感染肺炎确诊病例291例.txt,52.56603394
0121pm,中方:防疫情扩散 武汉采取出境离汉人员管控措施.txt,78.4000457
0122am,此前通报没提到武汉有医护人员感染?武汉市长回应.txt,70.37801444
0122am,全国累计报告新型冠状病毒感染肺炎确诊病例291例.txt,52.56603394
0122pm,截至22日19时20分 全国已确诊473例新型肺炎病例.txt,11.83008823
0122pm,武汉卫健委副主任临阵逃去上海?人在前线照片曝光.txt,37.92439637
0122pm,全国累计报告新型冠状病毒感染肺炎确诊病例291例.txt,52.56603394
0123am,截至22日19时20分 全国已确诊473例新型肺炎病例.txt,11.83008823
0123am,武汉卫健委副主任临阵逃去上海?人在前线照片曝光.txt,37.92439637
0123am,环球时报:武汉行动慢了教训沉痛 其他地方要放弃侥幸.txt,63.17633062
0123am,卫健委专家组成员王广发:感染可能因没戴防护眼镜.txt,1.09998458
0123am,武汉全市公交地铁将停运 机场火车站离汉通道关闭.txt,42.13438693
0123pm,截至22日19时20分 全国已确诊473例新型肺炎病例.txt,11.83008823
0123pm,武汉卫健委副主任临阵逃去上海?人在前线照片曝光.txt,37.92439637
0123pm,外媒问能否进入武汉报道 外交部回应.txt,74.10132555
0123pm,交通运输部：暂停进入武汉的道路水路客运班线.txt,72.52398318
0123pm,这封请战书让人泪目 曾赴小汤山的队员请战抗疫情.txt,108.6440881
0124am,外媒问能否进入武汉报道 外交部回应.txt,74.10132555
0124am,交通运输部：暂停进入武汉的道路水路客运班线.txt,72.52398318
0124am,湖北省长发声：关闭离汉通道是个非常艰难的抉择.txt,103.1950977
0124am,这封请战书让人泪目 曾赴小汤山的队员请战抗疫情.txt,108.6440881
0124am,专家组副组长感染新冠肺炎在家治愈 他这么做到的.txt,34.12738061
0124pm,湖北启动重大突发公共卫生事件Ⅰ级响应.txt,14.46484597
0124pm,外媒问能否进入武汉报道 外交部回应.txt,74.10132555
0124pm,交通运输部：暂停进入武汉的道路水路客运班线.txt,72.52398318
0124pm,这封请战书让人泪目 曾赴小汤山的队员请战抗疫情.txt,108.6440881
0124pm,湖北卫健委：新冠肺炎进入第二波流行上升期.txt,173.4239562
0125am,春晚节目为武汉改变 白岩松这段话太提气.txt,146.6436041
0125am,湖北启动重大突发公共卫生事件Ⅰ级响应.txt,14.46484597
0125am,湖北卫健委：新冠肺炎进入第二波流行上升期.txt,173.4239562
0125pm,中疾控主任高福团队披露病毒发现过程.txt,235.002465
0125pm,湖北启动重大突发公共卫生事件Ⅰ级响应.txt,14.46484597
0125pm,“携新型病毒抑制剂奔赴中国”的教授什么来头？.txt,168.9093114
0125pm,中共中央政治局常务委员会召开会议 研究新型冠状病毒肺炎疫情防控工作.txt,316.0388225
0125pm,湖北卫健委：新冠肺炎进入第二波流行上升期.txt,173.4239562
0126am,中疾控主任高福团队披露病毒发现过程.txt,235.002465
0126am,“携新型病毒抑制剂奔赴中国”的教授什么来头？.txt,168.9093114
0126am,中共中央政治局常务委员会召开会议 研究新型冠状病毒肺炎疫情防控工作.txt,316.0388225
0126am,湖北黄冈建小汤山医院！1月27日投入使用！.txt,45.96393902
0126pm,中疾控主任高福团队披露病毒发现过程.txt,235.002465
0126pm,武汉火神山医院将整体移交军方管理.txt,58.05503884
0126pm,微视频：出发！向武汉集结.txt,74.05229974
0126pm,“携新型病毒抑制剂奔赴中国”的教授什么来头？.txt,168.9093114
0126pm,中共中央政治局常务委员会召开会议 研究新型冠状病毒肺炎疫情防控工作.txt,316.0388225
0126pm,中央应对疫情领导小组：适当延长春节假期.txt,178.8235696
0127am,武汉火神山医院将整体移交军方管理.txt,58.05503884
0127am,微视频：出发！向武汉集结.txt,74.05229974
0127am,中央应对疫情领导小组：适当延长春节假期.txt,178.8235696
0127pm,武汉火神山医院将整体移交军方管理.txt,58.05503884
0127pm,微视频：出发！向武汉集结.txt,74.05229974
0127pm,习近平作出重要指示：紧紧依靠人民群众坚决打赢疫情防控阻击战.txt,87.15391534
0127pm,武汉市长解释与湖北省长口径不一致：我想的是武汉的事.txt,41.00259366
0127pm,好消息！最快6小时内可知是否感染新冠病毒.txt,36.8208254
0127pm,中央应对疫情领导小组：适当延长春节假期.txt,178.8235696
0128am,习近平作出重要指示：紧紧依靠人民群众坚决打赢疫情防控阻击战.txt,87.15391534
0128am,武汉市长解释与湖北省长口径不一致：我想的是武汉的事.txt,41.00259366
0128am,好消息！最快6小时内可知是否感染新冠病毒.txt,36.8208254
0128pm,习近平作出重要指示：紧紧依靠人民群众坚决打赢疫情防控阻击战.txt,87.15391534
0128pm,武汉市长解释与湖北省长口径不一致：我想的是武汉的事.txt,41.00259366
0128pm,丹麦媒体借肺炎疫情刊载辱华漫画 中国使馆怒批.txt,43.05863273
0128pm,打赢疫情防控阻击战 习近平给出四个关键词.txt,289.0903383
0128pm,好消息！最快6小时内可知是否感染新冠病毒.txt,36.8208254
0129am,全国新冠肺炎疑似病例新增数首次下降(图).txt,24.37509889
0129am,丹麦媒体借肺炎疫情刊载辱华漫画 中国使馆怒批.txt,43.05863273
0129am,打赢疫情防控阻击战 习近平给出四个关键词.txt,289.0903383
0129am,如何看待武汉人在外地受到歧视抵制?武汉书记回应.txt,23.9035825
0129pm,习近平对军队做好疫情防控工作作出重要指示.txt,65.95831088
0129pm,丹麦媒体借肺炎疫情刊载辱华漫画 中国使馆怒批.txt,43.05863273
0129pm,打赢疫情防控阻击战 习近平给出四个关键词.txt,289.0903383
0129pm,工程院院士张伯礼：我们期盼的疫情拐点或将出现.txt,17.63050445
0129pm,防疫不力 他是目前被处分级别最高官员.txt,154.7066784
0130am,习近平对军队做好疫情防控工作作出重要指示.txt,65.95831088
0130am,对话疾控专家曾光：会不会出现第二波疫情爆发？.txt,11.16553212
0130am,工程院院士张伯礼：我们期盼的疫情拐点或将出现.txt,17.63050445
0130am,防疫不力 他是目前被处分级别最高官员.txt,154.7066784
0130pm,督导组询问疫情 湖北黄冈卫健委主任含糊其辞.txt,7.149857276
0130pm,习近平对军队做好疫情防控工作作出重要指示.txt,65.95831088
0130pm,又一最新研究表明 新型冠状病毒可能起源于蝙蝠.txt,176.8147446
0130pm,工程院院士张伯礼：我们期盼的疫情拐点或将出现.txt,17.63050445
0130pm,防疫不力 他是目前被处分级别最高官员.txt,154.7066784
0131am,督导组询问疫情 湖北黄冈卫健委主任含糊其辞.txt,7.149857276
0131am,世卫组织将新冠病毒肺炎疫情列为国际关注的突发公共卫生事件.txt,160.8752188
0131am,又一最新研究表明 新型冠状病毒可能起源于蝙蝠.txt,176.8147446
0131pm,督导组询问疫情 湖北黄冈卫健委主任含糊其辞.txt,7.149857276
0131pm,又一最新研究表明 新型冠状病毒可能起源于蝙蝠.txt,176.8147446
0131pm,全民战“疫” 携手共铸坚强后盾.txt,332.8405907
0131pm,8城确诊病例超200有7座在湖北 还有一座是它.txt,98.74488131
0201am,武汉市委书记：我现在是一种内疚愧疚自责的心态.txt,20.44694773
0201am,全民战“疫” 携手共铸坚强后盾.txt,332.8405907
0201am,8城确诊病例超200有7座在湖北 还有一座是它.txt,98.74488131
0201pm,湖北与武汉红会 物资捐赠卡在了这里？.txt,557.456827
0201pm,对红十字会存在的问题 武汉官方作出一项决定.txt,153.9703405
0201pm,发布疫情被训诫的武汉医生李文亮确诊新冠肺炎.txt,-4.745378357
0201pm,全民战“疫” 携手共铸坚强后盾.txt,332.8405907
0201pm,8城确诊病例超200有7座在湖北 还有一座是它.txt,98.74488131
0202am,湖北与武汉红会 物资捐赠卡在了这里？.txt,557.456827
0202am,对红十字会存在的问题 武汉官方作出一项决定.txt,153.9703405
0202am,发布疫情被训诫的武汉医生李文亮确诊新冠肺炎.txt,-4.745378357
0202am,湖北黄冈处理处分党员干部337人 3名是正县级干部.txt,21.7409274
0202pm,湖北与武汉红会 物资捐赠卡在了这里？.txt,557.456827
0202pm,对红十字会存在的问题 武汉官方作出一项决定.txt,153.9703405
0202pm,发布疫情被训诫的武汉医生李文亮确诊新冠肺炎.txt,-4.745378357
0202pm,为了人民 打赢这场战“疫”！.txt,194.1175491
0202pm,粪口会传播新型冠状病毒吗？钟南山回应了.txt,25.1929502
0203am,关于疫情 武汉传出30个好消息.txt,168.5610258
0203am,最新疫情：一个坏消息三个好消息.txt,115.9442016
0203am,为了人民 打赢这场战“疫”！.txt,194.1175491
0203am,粪口会传播新型冠状病毒吗？钟南山回应了.txt,25.1929502
0203pm,关于疫情 武汉传出30个好消息.txt,168.5610258
0203pm,习近平主持中央政治局常委会会议 研究加强新冠肺炎疫情防控工作.txt,22.57672866
0203pm,为了人民 打赢这场战“疫”！.txt,194.1175491
0203pm,山东威海出现聚集性疫情：一绿皮车传染16人.txt,360.0090872
0203pm,粪口会传播新型冠状病毒吗？钟南山回应了.txt,25.1929502
0204am,关于疫情 武汉传出30个好消息.txt,168.5610258
0204am,2月3日0-24时31省份新增新冠肺炎确诊病例3235例.txt,34.93867488
0204am,习近平主持中央政治局常委会会议 研究加强新冠肺炎疫情防控工作.txt,22.57672866
0204am,面对中国疫情 白宫的反应让美国网友也看不下去了.txt,209.215818
0204am,山东威海出现聚集性疫情：一绿皮车传染16人.txt,360.0090872
0204pm,关于疫情 武汉传出30个好消息.txt,168.5610258
0204pm,习近平主持中央政治局常委会会议 研究加强新冠肺炎疫情防控工作.txt,22.57672866
0204pm,湖北又一个城市确诊病例破千 目前已有三城.txt,62.98166501
0204pm,山东威海出现聚集性疫情：一绿皮车传染16人.txt,360.0090872
0204pm,抗疫鏖战 中央政治局常委会会议传递三重深意.txt,345.7190299
0205am,湖北又一个城市确诊病例破千 目前已有三城.txt,62.98166501
0205am,除了李兰娟团队成果 武汉还有好消息：5种药物可能有效.txt,165.2796466
0205am,抗疫鏖战 中央政治局常委会会议传递三重深意.txt,345.7190299
0205pm,新型冠状病毒感染肺炎10个新判断！.txt,24.7011991
0205pm,湖北又一个城市确诊病例破千 目前已有三城.txt,62.98166501
0205pm,这名湖北干部 火线提拔.txt,72.0726688
0205pm,习近平：全面提高依法防控依法治理能力 为疫情防控提供有力法治保障.txt,356.0965641
0205pm,抗疫鏖战 中央政治局常委会会议传递三重深意.txt,345.7190299
0206am,关键时期 习近平指导全民战“疫”依法防控.txt,44.63744637
0206am,堰塞湖即将泄洪 武汉疫情面临三大挑战.txt,45.53992848
0206am,新型冠状病毒感染肺炎10个新判断！.txt,24.7011991
0206am,外交部：来自美方的一批援助防疫物资4日运抵武汉.txt,91.77309882
0206am,这名湖北干部 火线提拔.txt,72.0726688
0206am,习近平：全面提高依法防控依法治理能力 为疫情防控提供有力法治保障.txt,356.0965641
0206pm,堰塞湖即将泄洪 武汉疫情面临三大挑战.txt,45.53992848
0206pm,罕见特殊的场合 普京针对中国疫情再表态.txt,314.2886136
0206pm,新型冠状病毒感染肺炎10个新判断！.txt,24.7011991
0206pm,这名湖北干部 火线提拔.txt,72.0726688
0206pm,武汉十四日：英雄的城市 你定能过关！.txt,181.1645653
0206pm,疫情上报“第一人”，记大功！.txt,95.43540022
0206pm,习近平：全面提高依法防控依法治理能力 为疫情防控提供有力法治保障.txt,356.0965641
0207am,钟南山谈抗病毒特效药：这个小心 一定要伦理审查.txt,5.446404397
0207am,堰塞湖即将泄洪 武汉疫情面临三大挑战.txt,45.53992848
0207am,罕见特殊的场合 普京针对中国疫情再表态.txt,314.2886136
0207am,华南农业大学发现穿山甲为新冠病毒潜在中间宿主.txt,40.56466754
0207am,武汉十四日：英雄的城市 你定能过关！.txt,181.1645653
0207am,疫情上报“第一人”，记大功！.txt,95.43540022
0207pm,堰塞湖即将泄洪 武汉疫情面临三大挑战.txt,45.53992848
0207pm,罕见特殊的场合 普京针对中国疫情再表态.txt,314.2886136
0207pm,国家卫健委：全国新增确诊病例连续两天明显下降.txt,28.61612544
0207pm,湖北不用等核酸检测就可确诊.txt,69.0602005
0207pm,武汉十四日：英雄的城市 你定能过关！.txt,181.1645653
0207pm,疫情上报“第一人”，记大功！.txt,95.43540022
0208am,疫情防控关键时期 习近平主持召开这个会议有何深意？.txt,292.7689109
0208am,国家卫健委：全国新增确诊病例连续两天明显下降.txt,28.61612544
0208am,湖北不用等核酸检测就可确诊.txt,69.0602005
0208am,全国非湖北地区确诊病例四连降.txt,11.1710457
0208pm,全国一盘棋 习近平的战“疫”部署.txt,50.0306117
0208pm,国家卫健委：全国新增确诊病例连续两天明显下降.txt,28.61612544
0208pm,王贺胜履新湖北省委常委前，已赴鄂工作多日.txt,211.4636199
0208pm,中央赴湖北指导组：应收尽收 刻不容缓.txt,78.62310787
0208pm,湖北不用等核酸检测就可确诊.txt,69.0602005
0209am,全国一盘棋 习近平的战“疫”部署.txt,50.0306117
0209am,同舟共济战疫情 习近平这样说.txt,49.48004395
0209am,王贺胜履新湖北省委常委前，已赴鄂工作多日.txt,211.4636199
0209am,中央赴湖北指导组：应收尽收 刻不容缓.txt,78.62310787
0209pm,全国一盘棋 习近平的战“疫”部署.txt,50.0306117
0209pm,王贺胜履新湖北省委常委前，已赴鄂工作多日.txt,211.4636199
0209pm,中央赴湖北指导组：应收尽收 刻不容缓.txt,78.62310787
0209pm,卫健委：全国除湖北外其他省份确诊病例下降超40%.txt,30.59612195
0209pm,湖北以外地区新增病例连降5天.txt,22.10649092
0209pm,武汉之外疫情最严重 直击黄冈孝感一线防疫现状.txt,110.7413481
0210am,卫健委：全国除湖北外其他省份确诊病例下降超40%.txt,30.59612195
0210am,湖北以外地区新增病例连降5天.txt,22.10649092
0210am,武汉之外疫情最严重 直击黄冈孝感一线防疫现状.txt,110.7413481
0210am,钟南山：新型冠状病毒和SARS是两回事.txt,25.80035964
0210pm,卫健委：全国除湖北外其他省份确诊病例下降超40%.txt,30.59612195
0210pm,湖北以外地区新增病例连降5天.txt,22.10649092
0210pm,陈一新任中央指导组副组长 与武汉各区一把手群聊记录首公开.txt,334.0883007
0210pm,武汉之外疫情最严重 直击黄冈孝感一线防疫现状.txt,110.7413481
0210pm,习近平在北京调研指导新冠肺炎疫情防控工作.txt,24.75656136
0210pm,防控疫情不力 拟升副厅级的她被免职.txt,125.4257237
0211am,习近平：坚决打赢疫情防控的人民战争总体战阻击战.txt,693.5592522
0211am,武汉金银潭医院院长：新冠肺炎是自限性疾病.txt,6.129795341
0211am,陈一新任中央指导组副组长 与武汉各区一把手群聊记录首公开.txt,334.0883007
0211am,湖北省卫健委党组书记主任双双被免职.txt,162.7835249
0211am,习近平在北京调研指导新冠肺炎疫情防控工作.txt,24.75656136
0211am,防控疫情不力 拟升副厅级的她被免职.txt,125.4257237
0211pm,陈一新任中央指导组副组长 与武汉各区一把手群聊记录首公开.txt,334.0883007
0211pm,湖北省卫健委党组书记主任双双被免职.txt,162.7835249
0211pm,对全国疫情防控 习近平再作部署.txt,20.64799267
0211pm,习近平在北京调研指导新冠肺炎疫情防控工作.txt,24.75656136
0211pm,防控疫情不力 拟升副厅级的她被免职.txt,125.4257237
0212am,钟南山：新型冠状病毒肺炎疫情有望4月前结束.txt,75.47182303
0212am,湖北省卫健委党组书记主任双双被免职.txt,162.7835249
0212am,对全国疫情防控 习近平再作部署.txt,20.64799267
0212pm,WHO最新报告：新冠病毒与菊头蝠冠状病毒有关联.txt,136.6630982
0212pm,曾光预测：疫情下降拐点已出现 但还潜藏上升拐点.txt,61.98006583
0212pm,中共中央政治局常务委员会召开会议 分析新冠肺炎疫情形势.txt,367.7910558
0212pm,湖北省卫健委党组书记主任双双被免职.txt,162.7835249
0212pm,对全国疫情防控 习近平再作部署.txt,20.64799267
0213am,WHO最新报告：新冠病毒与菊头蝠冠状病毒有关联.txt,136.6630982
0213am,曾光预测：疫情下降拐点已出现 但还潜藏上升拐点.txt,61.98006583
0213am,中共中央政治局常务委员会召开会议 分析新冠肺炎疫情形势.txt,367.7910558
0213am,湖北新增14840例新冠肺炎 累计48206例.txt,53.02792377
0213pm,WHO最新报告：新冠病毒与菊头蝠冠状病毒有关联.txt,136.6630982
0213pm,曾光预测：疫情下降拐点已出现 但还潜藏上升拐点.txt,61.98006583
0213pm,中共中央政治局常务委员会召开会议 分析新冠肺炎疫情形势.txt,367.7910558
0213pm,湖北、武汉一把手同时调整 释放了什么信号.txt,292.2495228
0214am,湖北、武汉一把手同时调整 释放了什么信号.txt,292.2495228
0214pm,国家卫健委专家曾光：武汉再挺一下 就打翻身仗了.txt,168.3471613
0214pm,湖北、武汉一把手同时调整 释放了什么信号.txt,292.2495228
0215am,侠客岛：湖北多地实施“战时管制” 为什么？.txt,292.9628136
0215am,国家卫健委专家曾光：武汉再挺一下 就打翻身仗了.txt,168.3471613
0215am,网友质疑医疗防护物资分配比例失调 武汉官方回应.txt,67.02581968
0215pm,国家卫健委专家曾光：武汉再挺一下 就打翻身仗了.txt,168.3471613
0215pm,国新办发布会开到武汉 王贺胜新身份首次亮相.txt,137.2753877
0215pm,立足当前放眼长远 习近平周密部署战“疫”.txt,11.81736812
0215pm,美媒追问湖北为何换帅 我大使回应.txt,941.7407629
0216am,武汉病毒所研究生系“零号病人”？石正丽回应.txt,41.69362476
0216am,国新办发布会开到武汉 王贺胜新身份首次亮相.txt,137.2753877
0216am,立足当前放眼长远 习近平周密部署战“疫”.txt,11.81736812
0216am,湖北省新冠肺炎疫情情况 疑似病例首次未见通报中.txt,54.54043331
0216am,美媒追问湖北为何换帅 我大使回应.txt,941.7407629
0216am,运-20飞抵武汉后，外国媒体都“不淡定”了.txt,401.771245
0216pm,国新办发布会开到武汉 王贺胜新身份首次亮相.txt,137.2753877
0216pm,立足当前放眼长远 习近平周密部署战“疫”.txt,11.81736812
0216pm,六问武汉病毒研究专家:新冠病毒为何如此狡猾诡异.txt,3.898263415
0216pm,美媒追问湖北为何换帅 我大使回应.txt,941.7407629
0216pm,运-20飞抵武汉后，外国媒体都“不淡定”了.txt,401.771245
0217am,武汉提出“决战””歼灭战” 孝感发起全面总攻.txt,294.2013624
0217am,六问武汉病毒研究专家:新冠病毒为何如此狡猾诡异.txt,3.898263415
0217am,“战疫”同时 中国已在谋划这5件大事.txt,301.9876931
0217am,运-20飞抵武汉后，外国媒体都“不淡定”了.txt,401.771245
0217pm,六问武汉病毒研究专家:新冠病毒为何如此狡猾诡异.txt,3.898263415
0217pm,总攻，捷报！湖北首地清零.txt,153.4407339
0217pm,运-20飞抵武汉后，外国媒体都“不淡定”了.txt,401.771245
0218am,武汉采取最严防疫措施:不服从管控可采取强制措施.txt,516.8460356
0218am,非常时期 习近平这些话传递战“疫”必胜决心.txt,72.9702947
0218am,总攻，捷报！湖北首地清零.txt,153.4407339
0218pm,"""全国优秀县委书记""火线履新省政府 今天奔赴湖北.txt",174.6030066
0218pm,疫情还会出现新高峰吗？钟南山的最新判断来了.txt,141.5661852
0218pm,总攻，捷报！湖北首地清零.txt,153.4407339
0218pm,应勇去疫情严重的黄冈、孝感 问了三个问题.txt,150.2134675
0219am,世卫专家没去武汉，是中国捂了盖子？.txt,402.1505874
0219am,坚决打赢疫情防控阻击战 中国加速.txt,392.6777828
0219am,"""全国优秀县委书记""火线履新省政府 今天奔赴湖北.txt",174.6030066
0219am,疫情还会出现新高峰吗？钟南山的最新判断来了.txt,141.5661852
0219am,高福回应争议：不能去网络吵架 在研究狡猾病毒.txt,569.2898058
0219am,应勇去疫情严重的黄冈、孝感 问了三个问题.txt,150.2134675
0219pm,国家卫健委印发新型冠状病毒肺炎诊疗方案(试行第六版).txt,348.5834448
0219pm,"""全国优秀县委书记""火线履新省政府 今天奔赴湖北.txt",174.6030066
0219pm,世卫专家来华为啥不去武汉？联合国官员这样说.txt,83.17060569
0219pm,疫情还会出现新高峰吗？钟南山的最新判断来了.txt,141.5661852
0219pm,应勇去疫情严重的黄冈、孝感 问了三个问题.txt,150.2134675
0220am,国家卫健委印发新型冠状病毒肺炎诊疗方案(试行第六版).txt,348.5834448
0220am,高福、石正丽等专家呼吁重新命名新冠病毒.txt,223.0405062
0220am,世卫专家来华为啥不去武汉？联合国官员这样说.txt,83.17060569
0220am,这场战“疫” 习近平特别关心这个中坚力量.txt,249.7154623
0220pm,国家卫健委印发新型冠状病毒肺炎诊疗方案(试行第六版).txt,348.5834448
0220pm,世卫专家来华为啥不去武汉？联合国官员这样说.txt,83.17060569
0221am,这一周，武汉变了！.txt,295.9828642
0221pm,湖北：新冠肺炎疫情统计不允许核减已确诊的病例.txt,5.936804419
0221pm,因任城监狱疫情防控不力 山东省司法厅厅长被免职.txt,19.19749654
0221pm,中央政治局召开会议 研究新冠肺炎疫情防控工作.txt,433.2539695
0221pm,归零！全国14地新增病例为0.txt,34.67735764
0222am,湖北：新冠肺炎疫情统计不允许核减已确诊的病例.txt,5.936804419
0222am,因任城监狱疫情防控不力 山东省司法厅厅长被免职.txt,19.19749654
0222am,中共中央政治局召开会议 研究新冠肺炎疫情防控工作.txt,430.8903222
0222am,中央政治局召开会议 研究新冠肺炎疫情防控工作.txt,433.2539695
0222am,归零！全国14地新增病例为0.txt,34.67735764
0222am,因监狱疫情，山东湖北浙江这些干部被问责.txt,36.21785093
0222pm,湖北：新冠肺炎疫情统计不允许核减已确诊的病例.txt,5.936804419
0222pm,因任城监狱疫情防控不力 山东省司法厅厅长被免职.txt,19.19749654
0222pm,中央政治局召开会议 研究新冠肺炎疫情防控工作.txt,433.2539695
0222pm,归零！全国14地新增病例为0.txt,34.67735764
0222pm,独家揭秘中央赴湖北指导组在湖北的27天.txt,39.73813101
0222pm,非常时期，湖北省委书记见了两个人.txt,230.7228008
0223am,独家揭秘中央赴湖北指导组在湖北的27天.txt,39.73813101
0223am,非常时期，湖北省委书记见了两个人.txt,230.7228008
0223pm,中央：各地援湖北医疗队一线医务人员薪酬水平提高2倍.txt,239.5730882
0223pm,独家揭秘中央赴湖北指导组在湖北的27天.txt,39.73813101
0223pm,非常时期，湖北省委书记见了两个人.txt,230.7228008
0224am,中央：各地援湖北医疗队一线医务人员薪酬水平提高2倍.txt,239.5730882
0224pm,武汉保卫战.txt,32.61846039
0224pm,战疫表现突出，市长获提拔重用.txt,202.2500597
0224pm,中央：各地援湖北医疗队一线医务人员薪酬水平提高2倍.txt,239.5730882
0224pm,武汉市委书记杀暗访“回马枪”，随后19人被问责.txt,133.7538682
0225am,武汉保卫战.txt,32.61846039
0225am,战疫表现突出，市长获提拔重用.txt,202.2500597
0225am,微视频：武汉，等你重启.txt,26.13742712
0225am,武汉市委书记杀暗访“回马枪”，随后19人被问责.txt,133.7538682
0225am,武汉归来后，世卫专家组长说：世界欠你们的！.txt,276.1038479
0225am,新冠病毒会长期存在？钟南山回应了.txt,63.00251478
0225pm,武汉保卫战.txt,32.61846039
0225pm,战疫表现突出，市长获提拔重用.txt,202.2500597
0225pm,国务院：免征湖北境内小规模纳税人增值税3个月 其他地区降至1%.txt,180.1172975
0225pm,武汉市委书记杀暗访“回马枪”，随后19人被问责.txt,133.7538682
0226am,国务院：免征湖北境内小规模纳税人增值税3个月 其他地区降至1%.txt,180.1172975
0226am,湖北保卫战.txt,52.22223023
0226am,世卫组织专家组代表：中国应对疫情措施体现制度优势 感谢中国人民付出.txt,75.68575666
0226pm,湖北省防控指挥部再调整 王辰李兰娟院士担重任.txt,145.9496124
0226pm,国务院：免征湖北境内小规模纳税人增值税3个月 其他地区降至1%.txt,180.1172975
0226pm,确诊病例为负数，荆门市委书记、市长被诫勉，多人被处分.txt,37.5352828
0227am,湖北省防控指挥部再调整 王辰李兰娟院士担重任.txt,145.9496124
0227am,湖北省委书记：不论涉及谁，一查到底！.txt,71.76399414
0227am,国家卫健委：2月26日新增确诊病例433例 其中湖北省新增确诊病例409例.txt,40.94211276
0227am,确诊病例为负数，荆门市委书记、市长被诫勉，多人被处分.txt,37.5352828
0227pm,中国抗疫的这一幕，震撼了世卫专家.txt,246.4873775
0227pm,湖北省防控指挥部再调整 王辰李兰娟院士担重任.txt,145.9496124
0227pm,“离汉抵京确诊新冠肺炎当事人”女儿首发声：相信调查结果.txt,200.5513464
0227pm,确诊病例为负数，荆门市委书记、市长被诫勉，多人被处分.txt,37.5352828
0228am,中国抗疫的这一幕，震撼了世卫专家.txt,246.4873775
0228am,31省区市新增327例新冠肺炎 累计报告78824例新冠肺炎.txt,31.0322122
0228am,“离汉抵京确诊新冠肺炎当事人”女儿首发声：相信调查结果.txt,200.5513464
0228am,意外！中国战疫在澳大利亚产生奇妙反应.txt,253.6252852
0228pm,中国抗疫的这一幕，震撼了世卫专家.txt,246.4873775
0228pm,“离汉抵京确诊新冠肺炎当事人”女儿首发声：相信调查结果.txt,200.5513464
0228pm,战“疫”时期，中国元首外交这样开展.txt,485.1652787
0229am,武汉市委书记王忠林:现在不允许我们慢吞吞地做了.txt,40.37232314
0229am,战“疫”时期，中国元首外交这样开展.txt,485.1652787
0229pm,微视频：战武汉.txt,105.374861
0229pm,新冠疫情会怎样结束？美媒：可能有4种方式.txt,54.83785632
0229pm,首次发布！湖北疫情风险等级评估报告出炉.txt,72.11479652
0229pm,战“疫”时期，中国元首外交这样开展.txt,485.1652787
0301am,微视频：战武汉.txt,105.374861
0301am,新冠疫情会怎样结束？美媒：可能有4种方式.txt,54.83785632
0301am,首次发布！湖北疫情风险等级评估报告出炉.txt,72.11479652
0301am,警车护送！他们封城期间离开武汉，“黄女士事件”背后暴露了什么问题？.txt,267.9467668
0301am,31省区市新增确诊病例573例 累计报告79824例.txt,33.83216393
0301pm,微视频：战武汉.txt,105.374861
0301pm,战“疫”，不获全胜决不轻言成功！.txt,281.5967225
0301pm,武汉首次要求领导班子这么干.txt,251.0730429
0301pm,新冠疫情会怎样结束？美媒：可能有4种方式.txt,54.83785632
0301pm,首次发布！湖北疫情风险等级评估报告出炉.txt,72.11479652
0301pm,张伯礼院士：除湖北以外，全国其他省市4月底可恢复正常秩序.txt,37.38471087
0302am,“肺已经不是肺了”，首例新冠肺炎尸检报告发布.txt,-42.90101523
0302am,武汉数百新增确诊病例从哪里来？.txt,157.0559921
0302am,战“疫”，不获全胜决不轻言成功！.txt,281.5967225
0302am,武汉首次要求领导班子这么干.txt,251.0730429
0302am,这份抗“疫”战报带你从寒冬走向暖春.txt,9.832973194
0302am,张伯礼院士：除湖北以外，全国其他省市4月底可恢复正常秩序.txt,37.38471087
0302am,截至3月1日24时新型冠状病毒肺炎疫情最新情况.txt,34.53223235
0302pm,战“疫”，不获全胜决不轻言成功！.txt,281.5967225
0302pm,习近平在北京考察新冠肺炎防控科研攻关工作.txt,576.5180757
0302pm,武汉首次要求领导班子这么干.txt,251.0730429
0302pm,张伯礼院士：除湖北以外，全国其他省市4月底可恢复正常秩序.txt,37.38471087
0302pm,外媒问中国军队为何没出现感染病例，军委后勤保障部回应.txt,63.23642573
0303am,习近平在北京考察新冠肺炎防控科研攻关工作.txt,576.5180757
0303am,外媒问中国军队为何没出现感染病例，军委后勤保障部回应.txt,63.23642573
0303pm,习近平在北京考察新冠肺炎防控科研攻关工作.txt,576.5180757
0303pm,浙江新增7例意大利输入病例 这个干部讲话有水平.txt,98.02190587
0303pm,外媒问中国军队为何没出现感染病例，军委后勤保障部回应.txt,63.23642573
0303pm,战“疫”考察 习近平指引向科学要答案.txt,71.55417194
0304am,听，人类命运共同体的大合唱——中国同国际社会携手抗击新冠肺炎疫情述评.txt,823.2023555
0304am,浙江新增7例意大利输入病例 这个干部讲话有水平.txt,98.02190587
0304am,战“疫”考察 习近平指引向科学要答案.txt,71.55417194
0304pm,文在寅称“进入战争” ，韩国抗疫为何这么难？.txt,413.4207793
0304pm,中方：坚决反对称新冠病毒是“中国病毒”.txt,58.8925487
0304pm,浙江新增7例意大利输入病例 这个干部讲话有水平.txt,98.02190587
0304pm,战“疫”考察 习近平指引向科学要答案.txt,71.55417194
0305am,美疾控中心停止公布新冠病毒检测人数等重要数据，这样解释！.txt,83.65417871
0305am,文在寅称“进入战争” ，韩国抗疫为何这么难？.txt,413.4207793
0305am,中方：坚决反对称新冠病毒是“中国病毒”.txt,58.8925487
0305am,习近平：人员流动和聚集的疫情传播风险在加大，防控必须慎终如始.txt,325.4718204
0305pm,文在寅称“进入战争” ，韩国抗疫为何这么难？.txt,413.4207793
0305pm,中方：坚决反对称新冠病毒是“中国病毒”.txt,58.8925487
0305pm,钟南山有重要发现！忽视这点或致病例漏诊→.txt,158.9618951
0305pm,[让党旗在疫情防控斗争第一线高高飘扬]烈火鉴真金 一线党员勇担当.txt,139.3741419
0305pm,香港昨天这例确诊病例，细思恐极.txt,30.91543799
0306am,钟南山有重要发现！忽视这点或致病例漏诊→.txt,158.9618951
0306am,[让党旗在疫情防控斗争第一线高高飘扬]烈火鉴真金 一线党员勇担当.txt,139.3741419
0306am,香港昨天这例确诊病例，细思恐极.txt,30.91543799
0306pm,世卫组织专家称中国抗疫模式可以复制 外交部回应.txt,620.3650616
0306pm,卫健委：估计在4月份有部分疫苗能够进入临床或者应急使用.txt,20.95993721
0306pm,钟南山有重要发现！忽视这点或致病例漏诊→.txt,158.9618951
0306pm,[让党旗在疫情防控斗争第一线高高飘扬]烈火鉴真金 一线党员勇担当.txt,139.3741419
0306pm,香港昨天这例确诊病例，细思恐极.txt,30.91543799
0307am,世卫组织专家称中国抗疫模式可以复制 外交部回应.txt,620.3650616
0307am,卫健委：估计在4月份有部分疫苗能够进入临床或者应急使用.txt,20.95993721
0307am,武汉居民向中央领导喊：假的，假的！志愿者有话说.txt,161.5503304
0307pm,世卫组织专家称中国抗疫模式可以复制 外交部回应.txt,620.3650616
0307pm,卫健委：估计在4月份有部分疫苗能够进入临床或者应急使用.txt,20.95993721
0307pm,武汉居民向中央领导喊：假的，假的！志愿者有话说.txt,161.5503304
0308am,蓬佩奥称美国防疫落后怪中国，评论翻车.txt,183.4967261
0308am,武汉居民向中央领导喊：假的，假的！志愿者有话说.txt,161.5503304
0308am,中国再派专家支援另一个国家抗疫.txt,94.57118134
0308pm,蓬佩奥称美国防疫落后怪中国，评论翻车.txt,183.4967261
0308pm,武汉居民向中央领导喊：假的，假的！志愿者有话说.txt,161.5503304
0309am,疫情肆虐全球 美国居然又打起了“台湾牌”.txt,316.4531008
0309am,蓬佩奥称美国防疫落后怪中国，评论翻车.txt,183.4967261
0309am,31省区市新增40例新冠肺炎，31省区市累计报告80735例新冠肺炎.txt,38.69217928
0309pm,疫情肆虐全球 美国居然又打起了“台湾牌”.txt,316.4531008
0309pm,蓬佩奥称美国防疫落后怪中国，评论翻车.txt,183.4967261
0309pm,面对中国抗疫真相，《纽约时报》也刁钻不起来了.txt,210.0433745
0310am,疫情肆虐全球 美国居然又打起了“台湾牌”.txt,316.4531008
0310am,面对中国抗疫真相，《纽约时报》也刁钻不起来了.txt,210.0433745
0310am,当初挖苦中国“抗疫过度”的人 现在脸烫吗？.txt,188.2842288
0310pm,疫情肆虐全球 美国居然又打起了“台湾牌”.txt,316.4531008
0310pm,面对中国抗疫真相，《纽约时报》也刁钻不起来了.txt,210.0433745
0310pm,新冠肺炎疫情闹成这样，很多人有三个没想到.txt,140.5997201
0310pm,习近平在湖北省考察新冠肺炎疫情防控工作.txt,780.2366769
0311am,习近平赴武汉考察，传递哪些鲜明信号？.txt,305.0082501
0311am,武汉，最后的关键时刻到了！.txt,247.361582
0311am,新冠肺炎疫情闹成这样，很多人有三个没想到.txt,140.5997201
0311am,习近平在湖北省考察新冠肺炎疫情防控工作.txt,780.2366769
0311pm,新冠肺炎疫情闹成这样，很多人有三个没想到.txt,140.5997201
0311pm,时隔2个小时，湖北潜江撤销“全面复工复产”通告.txt,170.6103002
0311pm,习近平在湖北省考察新冠肺炎疫情防控工作.txt,780.2366769
0312am,外交部回应“新冠肺炎源自哪个国家”：这是一个科学的问题.txt,22.09500963
0312am,重磅微视频：携手战“疫”.txt,124.7097744
0312am,时隔2个小时，湖北潜江撤销“全面复工复产”通告.txt,170.6103002
0312am,美疾控中心主任公开回应:说“中国病毒”是错误的.txt,63.99201688
0312pm,白宫高官指责中国掩盖疫情，耗费国际社会反应时间，耿爽：行有不得，反求诸己.txt,130.5909614
0312pm,习近平在武汉如何部署战“疫”？九个关键词带你看明白.txt,27.25985693
0312pm,时隔2个小时，湖北潜江撤销“全面复工复产”通告.txt,170.6103002
0313am,白宫高官指责中国掩盖疫情，耗费国际社会反应时间，耿爽：行有不得，反求诸己.txt,130.5909614
0313am,习近平在武汉如何部署战“疫”？九个关键词带你看明白.txt,27.25985693
0313pm,新冠病毒可能是美军带到武汉？外交部表态.txt,27.22486568
0313pm,白宫高官指责中国掩盖疫情，耗费国际社会反应时间，耿爽：行有不得，反求诸己.txt,130.5909614
0313pm,习近平在武汉如何部署战“疫”？九个关键词带你看明白.txt,27.25985693
0314am,新冠病毒可能是美军带到武汉？外交部表态.txt,27.22486568
0314am,环球时报社评：瑞典向新冠病毒投降将害人害己.txt,34.77740122
0314pm,新冠病毒可能是美军带到武汉？外交部表态.txt,27.22486568
0314pm,湖北:低风险街道乡镇的社区村组全部解除封闭管理.txt,52.28718993
0314pm,习近平就新冠肺炎疫情向欧洲理事会主席米歇尔和欧盟委员会主席冯德莱恩致慰问电.txt,90.96278911
0314pm,众议院的新冠病毒救援法案 特朗普终于满意了.txt,150.6334915
0314pm,民政部回应滞留武汉人员救助：可领临时补助金.txt,57.46216369
0315am,湖北:低风险街道乡镇的社区村组全部解除封闭管理.txt,52.28718993
0315am,习近平就新冠肺炎疫情向欧洲理事会主席米歇尔和欧盟委员会主席冯德莱恩致慰问电.txt,90.96278911
0315am,众议院的新冠病毒救援法案 特朗普终于满意了.txt,150.6334915
0315am,谢谢你，英雄的武汉人民.txt,36.18087162
0315am,民政部回应滞留武汉人员救助：可领临时补助金.txt,57.46216369
0315pm,湖北:低风险街道乡镇的社区村组全部解除封闭管理.txt,52.28718993
0315pm,习近平就新冠肺炎疫情向欧洲理事会主席米歇尔和欧盟委员会主席冯德莱恩致慰问电.txt,90.96278911
0315pm,英国卫生大臣："群体免疫"不是我们的目标或政策.txt,392.2666435
0315pm,众议院的新冠病毒救援法案 特朗普终于满意了.txt,150.6334915
0315pm,习近平国际战疫中的“情”与“义”.txt,88.76543456
0315pm,民政部回应滞留武汉人员救助：可领临时补助金.txt,57.46216369
0316am,武汉疫情何时结束？中央指导组专家这样回答.txt,44.30809366
0316am,英国卫生大臣："群体免疫"不是我们的目标或政策.txt,392.2666435
0316am,微视频｜谢谢武汉.txt,98.12475703
0316am,习近平国际战疫中的“情”与“义”.txt,88.76543456
0316pm,英国卫生大臣："群体免疫"不是我们的目标或政策.txt,392.2666435
0316pm,美媒：中国以外新冠肺炎死亡病例首次超过中国.txt,27.88754817
0316pm,习近平国际战疫中的“情”与“义”.txt,88.76543456
0317am,美媒：中国以外新冠肺炎死亡病例首次超过中国.txt,27.88754817
0317am,特朗普给疫情防控打满分 ：前任烂摊被我干成这样，很不错了.txt,23.38213525
0317pm,武汉：所有境外来汉人员集中隔离14天 费用自理.txt,55.16286655
0317pm,扩散！外交部提醒暂勿前往疫情高风险国家.txt,62.9368544
0317pm,美媒：中国以外新冠肺炎死亡病例首次超过中国.txt,27.88754817
0317pm,特朗普称新冠病毒是“中国病毒”！ 遭网友回怼：你才是美国病毒.txt,24.96064264
0318am,武汉：所有境外来汉人员集中隔离14天 费用自理.txt,55.16286655
0318am,扩散！外交部提醒暂勿前往疫情高风险国家.txt,62.9368544
0318am,特朗普称新冠病毒是“中国病毒”！ 遭网友回怼：你才是美国病毒.txt,24.96064264
0318am,人民至上——习近平指挥战“疫”进行时.txt,73.9417089
0318pm,武汉：所有境外来汉人员集中隔离14天 费用自理.txt,55.16286655
0318pm,扩散！外交部提醒暂勿前往疫情高风险国家.txt,62.9368544
0318pm,集体免疫、病毒源头，钟南山新提重磅观点.txt,93.20218364
0318pm,特朗普称新冠病毒是“中国病毒”！ 遭网友回怼：你才是美国病毒.txt,24.96064264
0319am,意大利单日新增4207例确诊病例，新增死亡475例.txt,11.74234395
0319am,截至3月18日24时新型冠状病毒肺炎疫情最新情况.txt,52.11577954
0319am,集体免疫、病毒源头，钟南山新提重磅观点.txt,93.20218364
0319am,用病毒污名化中国，包藏什么祸心？.txt,138.9076475
0319pm,集体免疫、病毒源头，钟南山新提重磅观点.txt,93.20218364
0319pm,数读习近平的战“疫”部署.txt,538.1235409
0320am,31省区市连续两日无新增本土确诊病例，但这个数字须警惕.txt,18.04848746
0320am,“总统该迫使中国减免一大部分美国债务”，美国疫情下最癫狂提议出现…….txt,161.8114656
0320am,数读习近平的战“疫”部署.txt,538.1235409
0320pm,外交部：中方从未收到来自美国政府的抗疫资金和援助.txt,111.6942657
0320pm,特朗普疫情讲话稿曝光，这个细节让人愤怒！.txt,173.2307333
0320pm,数读习近平的战“疫”部署.txt,538.1235409
0321am,外交部：中方从未收到来自美国政府的抗疫资金和援助.txt,111.6942657
0321am,湖北连续3日零新增！国家卫健委：20日新增新冠肺炎确诊病例41例 均为境外输入病例.txt,49.34503609
0321am,特朗普疫情简报会上打瞌睡 美网友瞬间炸锅.txt,9.097584669
0321am,数字告诉你：习近平如何亲自推动国际战“疫”合作.txt,13.92412459
0321am,特朗普疫情讲话稿曝光，这个细节让人愤怒！.txt,173.2307333
0321pm,外交部：中方从未收到来自美国政府的抗疫资金和援助.txt,111.6942657
0321pm,习近平就新冠肺炎疫情向法国总统致慰问电.txt,112.169074
0321pm,习近平就新冠肺炎疫情向德国总理致慰问电.txt,84.46218412
0321pm,特朗普疫情讲话稿曝光，这个细节让人愤怒！.txt,173.2307333
0321pm,意大利知名专家：中国疫情暴发前，病毒或已在意大利传播了.txt,22.08587346
0322am,习近平就新冠肺炎疫情向法国总统致慰问电.txt,112.169074
0322am,习近平就新冠肺炎疫情向德国总理致慰问电.txt,84.46218412
0322am,意大利知名专家：中国疫情暴发前，病毒或已在意大利传播了.txt,22.08587346
0322pm,特朗普承认：疫情伤着我了….txt,115.9883735
0322pm,习近平就新冠肺炎疫情向法国总统致慰问电.txt,112.169074
0322pm,习近平就新冠肺炎疫情向德国总理致慰问电.txt,84.46218412
0322pm,意大利知名专家：中国疫情暴发前，病毒或已在意大利传播了.txt,22.08587346
0322pm,警报：开始出现被境外输入传染的病例了！.txt,92.72223308
0323am,特朗普承认：疫情伤着我了….txt,115.9883735
0323am,警报：开始出现被境外输入传染的病例了！.txt,92.72223308
0323pm,特朗普承认：疫情伤着我了….txt,115.9883735
0323pm,美方称中国隐瞒疫情 外交部：造谣污蔑、贼喊捉贼的拙劣把戏.txt,116.3589444
0323pm,驻美大使崔天凯回应“病毒来自美国军方实验室”说法.txt,913.2419519
0323pm,习近平致敬的战“疫”英雄：幸得有你 民安泰来.txt,148.8034272
0323pm,警报：开始出现被境外输入传染的病例了！.txt,92.72223308
0324am,美方称中国隐瞒疫情 外交部：造谣污蔑、贼喊捉贼的拙劣把戏.txt,116.3589444
0324am,驻美大使崔天凯回应“病毒来自美国军方实验室”说法.txt,913.2419519
0324am,习近平致敬的战“疫”英雄：幸得有你 民安泰来.txt,148.8034272
0324pm,美方称中国隐瞒疫情 外交部：造谣污蔑、贼喊捉贼的拙劣把戏.txt,116.3589444
0324pm,驻美大使崔天凯回应“病毒来自美国军方实验室”说法.txt,913.2419519
0324pm,习近平致敬的战“疫”英雄：幸得有你 民安泰来.txt,148.8034272
0324pm,疫情无情 民生暖心！感受习近平的为民初心.txt,59.54712878
0325am,美国新冠肺炎确诊病例达53268例 单日新增确诊数破万.txt,46.54797268
0325am,美国副总统彭斯：与以往相比，中国此次处理疫情要透明得多.txt,18.80716755
0325am,疫情无情 民生暖心！感受习近平的为民初心.txt,59.54712878
0325pm,特朗普改口，亲手划掉了“中国病毒”.txt,148.2184406
0325pm,湖北：27日离鄂省际公路要全部开通.txt,47.24406251
0325pm,疫情无情 民生暖心！感受习近平的为民初心.txt,59.54712878
0325pm,英媒：查尔斯王子新冠病毒检测呈阳性 正在自我隔离.txt,78.49532235
0326am,特朗普改口，亲手划掉了“中国病毒”.txt,148.2184406
0326am,时政短视频：命运与共 全球战“疫”.txt,110.1352669
0326am,湖北：27日离鄂省际公路要全部开通.txt,47.24406251
0326am,英媒：查尔斯王子新冠病毒检测呈阳性 正在自我隔离.txt,78.49532235
0326pm,美国驻华大使馆连发2条“武汉病毒”，网友怒了.txt,83.16372931
0326pm,特朗普改口，亲手划掉了“中国病毒”.txt,148.2184406
0326pm,援外抗疫帮谁不帮谁怎么确定？官方给出原则.txt,63.29196882
0326pm,习近平在二十国集团领导人应对新冠肺炎特别峰会上发表重要讲话.txt,14.00462131
0326pm,湖北：27日离鄂省际公路要全部开通.txt,47.24406251
0326pm,英媒：查尔斯王子新冠病毒检测呈阳性 正在自我隔离.txt,78.49532235
0327am,美国驻华大使馆连发2条“武汉病毒”，网友怒了.txt,83.16372931
0327am,援外抗疫帮谁不帮谁怎么确定？官方给出原则.txt,63.29196882
0327am,全球最多！美国确诊病例82404例 超过中国.txt,9.889047252
0327am,习近平在二十国集团领导人应对新冠肺炎特别峰会上发表重要讲话.txt,14.00462131
0327am,习近平出席二十国集团领导人应对新冠肺炎特别峰会并发表重要讲话.txt,451.8016084
0327pm,美国驻华大使馆连发2条“武汉病毒”，网友怒了.txt,83.16372931
0327pm,援外抗疫帮谁不帮谁怎么确定？官方给出原则.txt,63.29196882
0327pm,英国首相鲍里斯-约翰逊新冠病毒检测呈阳性.txt,13.77838625
0327pm,钟南山回应国内是否会二次暴发疫情.txt,12.53028482
0327pm,习近平在二十国集团领导人应对新冠肺炎特别峰会上发表重要讲话.txt,14.00462131
0328am,至暗时刻！英国首相和卫生大臣相继确诊，英媒担忧感染更多官员.txt,124.1836532
0328am,英国首相鲍里斯-约翰逊新冠病毒检测呈阳性.txt,13.77838625
0328am,钟南山回应国内是否会二次暴发疫情.txt,12.53028482
0328pm,英国首相鲍里斯-约翰逊新冠病毒检测呈阳性.txt,13.77838625
0328pm,病例破万感染率超意大利西班牙 这个欧洲小国怎么了?.txt,114.1004172
0328pm,钟南山回应国内是否会二次暴发疫情.txt,12.53028482
0328pm,高福终于把美国防疫中的这个“大错误”给指出来了！.txt,77.56998055
0329am,香港电台用台湾问题碰瓷 世卫官员直接挂断电话.txt,29.48108901
0329am,病例破万感染率超意大利西班牙 这个欧洲小国怎么了?.txt,114.1004172
0329am,高福终于把美国防疫中的这个“大错误”给指出来了！.txt,77.56998055
0329pm,菲律宾卫生部称中国援菲核酸检测试剂盒符合世卫标准：表示歉意并再次感谢.txt,89.20459152
0329pm,河南漯河新增一本土病例！是如何感染的？.txt,73.78847164
0329pm,病例破万感染率超意大利西班牙 这个欧洲小国怎么了?.txt,114.1004172
0329pm,台湾“汉堡王”用“武汉肺炎”，大陆“汉堡王”：替他们说声对不起！.txt,41.7416833
0329pm,高福终于把美国防疫中的这个“大错误”给指出来了！.txt,77.56998055
0330am,菲律宾卫生部称中国援菲核酸检测试剂盒符合世卫标准：表示歉意并再次感谢.txt,89.20459152
0330am,河南漯河新增一本土病例！是如何感染的？.txt,73.78847164
0330am,战“疫”以来第四次考察，习近平首先关注这件大事.txt,391.3507157
0330am,台湾“汉堡王”用“武汉肺炎”，大陆“汉堡王”：替他们说声对不起！.txt,41.7416833
0330am,美国确诊病例暴涨背后：检测能力突飞猛进，最快5分钟出结果.txt,410.6950149
0330pm,菲律宾卫生部称中国援菲核酸检测试剂盒符合世卫标准：表示歉意并再次感谢.txt,89.20459152
0330pm,河南漯河新增一本土病例！是如何感染的？.txt,73.78847164
0330pm,台湾“汉堡王”用“武汉肺炎”，大陆“汉堡王”：替他们说声对不起！.txt,41.7416833
0331pm,白宫发布会现场，特朗普展示新冠病毒检测仪.txt,59.93991853
0401am,罗斯福号航母舰长写信求援：疫情恐比“钻石公主”邮轮更糟，请放水手下船.txt,259.2760437
0401am,白宫发布会现场，特朗普展示新冠病毒检测仪.txt,59.93991853
0401pm,钟南山判断国内不会有第二波疫情暴发.txt,16.75911049
0401pm,白宫发布会现场，特朗普展示新冠病毒检测仪.txt,59.93991853
0401pm,“罗斯福”号舰长写“求助信”后，关岛总督：新冠病毒检测阴性水兵将被允许下船.txt,137.2037166
0402am,钟南山判断国内不会有第二波疫情暴发.txt,16.75911049
0402am,“罗斯福”号舰长写“求助信”后，关岛总督：新冠病毒检测阴性水兵将被允许下船.txt,137.2037166
0402pm,湖北14名防疫一线牺牲人员被评为首批烈士.txt,280.8063079
0402pm,钟南山判断国内不会有第二波疫情暴发.txt,16.75911049
0402pm,国家卫健委：无症状感染者需集中医学观察14天 两次核检阴性才解除隔离.txt,63.14452642
0402pm,“罗斯福”号舰长写“求助信”后，关岛总督：新冠病毒检测阴性水兵将被允许下船.txt,137.2037166
0403am,首位新冠疫苗试验女生结束观察，CT结果出了！.txt,103.9314435
0403am,注意！外交部发布最新疫情高风险国家名单.txt,105.0833445
0403am,湖北14名防疫一线牺牲人员被评为首批烈士.txt,280.8063079
0403am,国家卫健委：无症状感染者需集中医学观察14天 两次核检阴性才解除隔离.txt,63.14452642
0403pm,湖北14名防疫一线牺牲人员被评为首批烈士.txt,280.8063079
0403pm,国家卫健委：无症状感染者需集中医学观察14天 两次核检阴性才解除隔离.txt,63.14452642
0404pm,全国悼念抗击疫情牺牲烈士和逝世同胞 习近平等出席哀悼活动.txt,131.0052567
0404pm,5架外国军机同天赴上海浦东机场自提防疫物资.txt,124.9209645
0405am,全国悼念抗击疫情牺牲烈士和逝世同胞 习近平等出席哀悼活动.txt,131.0052567
0405am,截至4月4日24时新型冠状病毒肺炎疫情最新情况.txt,55.37350009
0405am,5架外国军机同天赴上海浦东机场自提防疫物资.txt,124.9209645
0405pm,全国悼念抗击疫情牺牲烈士和逝世同胞 习近平等出席哀悼活动.txt,131.0052567
0405pm,昨日5例本土病例全来自广东，还出现一个重要变化.txt,56.9891796
0405pm,5架外国军机同天赴上海浦东机场自提防疫物资.txt,124.9209645
0405pm,习近平的战“疫”日历.txt,6.159782821
0405pm,专家：下一阶段若疫情在这个邻国暴发，中国压力很大.txt,133.231667
0406am,美媒：“罗斯福”号舰长新冠病毒检测呈阳性.txt,12.73218593
0406am,昨日5例本土病例全来自广东，还出现一个重要变化.txt,56.9891796
0406am,习近平的战“疫”日历.txt,6.159782821
0406am,英国首相隔离10天仍发热 住院接受新冠病毒测试.txt,13.94498089
0406am,截至4月5日24时新型冠状病毒肺炎疫情最新情况.txt,64.97864973
0406am,专家：下一阶段若疫情在这个邻国暴发，中国压力很大.txt,133.231667
0406pm,昨日5例本土病例全来自广东，还出现一个重要变化.txt,56.9891796
0406pm,确诊人数近34万！这位抗疫总指挥却忙着拍马屁、甩黑锅，迷之操作实在太多.txt,261.0717693
0406pm,习近平的战“疫”日历.txt,6.159782821
0406pm,专家：下一阶段若疫情在这个邻国暴发，中国压力很大.txt,133.231667
0407am,特稿：全球抗疫的时代之问.txt,555.7667857
0407am,张文宏：这两个地方出现新冠疫情流行将是人类灾难.txt,22.52148159
0407am,确诊人数近34万！这位抗疫总指挥却忙着拍马屁、甩黑锅，迷之操作实在太多.txt,261.0717693
0407pm,习近平的武汉“情”.txt,598.6743573
0407pm,确诊人数近34万！这位抗疫总指挥却忙着拍马屁、甩黑锅，迷之操作实在太多.txt,261.0717693
0408am,习近平的武汉“情”.txt,598.6743573
0408am,微视频|七分钟泪目混剪，武汉如约而至.txt,35.83145534
0408am,泪目！武汉灯光秀打出所有支援省区市名字.txt,17.83553751
0408pm,习近平的武汉“情”.txt,598.6743573
0408pm,中国武汉今日“解封”，外媒这么说.txt,218.4867583
0409am,伊朗卫生官员质疑中国疫情数据，驻华大使紧急表态！.txt,215.2884772
0409am,承认了！英国首席医学官：抗疫策略失误.txt,45.33975709
0409am,中国武汉今日“解封”，外媒这么说.txt,218.4867583
0409pm,习近平回信勉励武汉东湖新城社区全体社区工作者.txt,167.5272928
0409pm,外交部回应疫情防控中有非洲人受歧视：对歧视性言行零容忍.txt,107.5404793
0410am,比尔-盖茨基金会制造了疫情以“清除人类”？盖茨：我已捐几十亿应对传染病.txt,141.1670987
0410am,美国情报部门去年11月就对“中国疫情”发出警告.txt,112.5382025
0410pm,习近平同阿根廷总统就抗击疫情互致信函.txt,106.3016314
0411am,这篇论文，能说明“病毒并非来自中国，而是美国吗”.txt,116.7891495
0412am,美国终于答应帮意大利抗疫，又趁机抹黑中俄.txt,165.1107632
0412am,习近平战“疫”兵法——知己知彼 百战不殆.txt,352.782311
0412pm,习近平战“疫”书信传递多重深意.txt,82.4419634
0413am,习近平战“疫”兵法——兵马未动 粮草先行.txt,384.1080791
0413pm,俄罗斯输入性病例暴增 将中国拖入疫情“加时赛”.txt,183.6242072
0413pm,世卫和美媒同时反击，特朗普爆粗口.txt,90.11770752
0414am,警惕！绝不能让它撕开中国战疫的大防线.txt,426.6391267
0414am,世卫和美媒同时反击，特朗普爆粗口.txt,90.11770752
0415am,特朗普宣布暂停资助世卫组织.txt,32.11504298
0415am,俄外长拉夫罗夫：因新冠病毒对中国索赔是不可接受的.txt,39.88767147
0415pm,外籍新冠肺炎确诊和疑似患者未参加基本医保，医疗机构先救治后收费.txt,2.45931168
0416am,官方特殊辟谣，哈尔滨19例本土病例之谜解开.txt,154.2344345
0416am,团结合作是国际社会战胜疫情最有力武器.txt,3109.280246
0416pm,李克强主持召开中央应对新冠肺炎疫情工作领导小组会议.txt,172.857766
0416pm,军队支援湖北医疗队圆满完成任务回撤.txt,150.9273031
0416pm,特朗普记者会放1月抗疫时间线自夸行动果断，崔娃节目“出手”：来看看2月.txt,45.01038597
0416pm,黑龙江新增无症状感染者11例 6例为护士.txt,883.9920353
0417pm,关于武汉市新冠肺炎确诊病例数确诊病例死亡数订正情况的通报.txt,42.16414566
0417pm,武汉市新冠肺炎确诊病例数确诊病例死亡数订正情况答记者问.txt,57.12026607
0418pm,哈尔滨感染链条又延长了!曾光:不认为现在需要封城!.txt,89.44996406
0418pm,环球时报：中国修订死亡病例数后 特朗普疯了.txt,72.28810188
0420pm,美方有人要求中国为疫情赔偿，耿爽连举三个例子驳斥.txt,38.7267442
0420pm,哈尔滨疫情又传一省！.txt,185.773288
0420pm,助力战疫 习近平为当前网信工作指明方向.txt,306.8891013
0422am,特朗普要玩火，“抗疫队长”发出严厉警告.txt,117.5253134
0422pm,美国密苏里州竟因疫情起诉中国 外交部回应.txt,53.2606687
0422pm,美国密苏里州借新冠疫情起诉中国，学者：根本不成立.txt,284.7521077
0424am,CNN记者重访武汉 美国网友炸锅.txt,86.18632525
0424pm,蓬佩奥扬言不再资助世卫组织，耿爽：典型霸权心态.txt,160.5042504
0424pm,CNN记者重访武汉 美国网友炸锅.txt,86.18632525
0425am,美国确诊病例超89万，特朗普签署4840亿美元新救助法案.txt,61.35460059
0425pm,美国确诊病例超89万，特朗普签署4840亿美元新救助法案.txt,61.35460059
0426am,防疫物资出口 中国官方发布最新公告！.txt,229.9617821
0426am,环球时报社评：世卫应参与调查美国疫情早期情况.txt,75.37712161
0426pm,中纪委：哈尔滨市副市长陈远飞等人防疫不力受到处分.txt,366.1494141
0427pm,中国疾控中心专家回应“新冠病毒人造论”，只有一句话.txt,21.70203188
0428am,美国累计确诊逾100万例新冠肺炎病例.txt,22.83467851
0429am,美国新冠肺炎死亡人数已经超过越战.txt,30.11126814
0501pm,关于黑龙江省新冠肺炎聚集性疫情有关情况的通报.txt,195.9420252
0501pm,战疫中五一五四 重温习近平论述别有深意.txt,423.2205046
0502am,大批美媒质疑 美国疫情真实数据已破天花板.txt,139.6140604
0502pm,在黄鹤楼 湖北省长微笑配合游客合影.txt,158.3913425
0503pm,保持警惕！卫健委提示疫情扩散反弹风险仍存在.txt,19.30106707
0503pm,张文宏给驻美大使回信：疫情过后 我们一起把酒言欢.txt,232.6607209
0504pm,北大团队重磅研究成果：甘草苷可抑制新冠病毒复制.txt,221.0071448
0504pm,又一例持湖北绿码确诊 社区:20名密切接触者全部隔离.txt,191.2504064
0506am,彭斯：白宫正讨论解散新冠疫情特别工作组.txt,15.84589651
0506am,黑龙江绥芬河防疫风险等级下调为低风险.txt,23.59120424
0506pm,CNN：新的基因分析显示 新冠病毒去年底已开始在全球传播.txt,51.76323181
0506pm,特朗普改口了：没确认病毒来自武汉实验室.txt,73.59239202
0507am,世卫组织：正与相关方讨论再次派代表团前往中国.txt,39.14671802
0507am,蓬佩奥改口：美并不确定新冠病毒暴发源自武汉实验室.txt,15.78227634
0507am,截至5月6日24时新型冠状病毒肺炎疫情最新情况.txt,44.08584206
0507pm,大发疫情财！美媒爆料特朗普女婿以权谋私搞腐败.txt,205.2001654
0507pm,世卫拟派团赴华调查病毒起源？外交部回应.txt,84.09361681
0507pm,疫情还有很大不确定性 习近平作出这些分析部署.txt,6.717975425
0509pm,习近平：时刻绷紧疫情防控这根弦.txt,449.3748306
0510pm,警惕！吉林舒兰新增11病例，源头成谜、火车停运.txt,162.8663527
0511am,抗疫期间，中科院武汉病毒所做了什么？.txt,636.2573168
0511pm,16人确诊！此前未有本土病例的舒兰，感染源头还是谜.txt,296.3446643
0511pm,警惕！美国找到攻击中国新借口，涉及疫苗！.txt,189.7903722
0512am,这盆脏水提醒：小心美国黑客偷咱的疫苗!.txt,395.8601786
0512pm,纽约"零号病人"首次发声：以为是感冒 结果感染28人还进ICU.txt,31.8598705
0512pm,武汉为何提出全员检测？专家回应.txt,148.4551419
0513am,美媒：新冠病毒一月已在佛罗里达州发生社区传播.txt,31.38957343
0513am,吉林舒兰“神秘”感染链已1传20+，全市开展大排查.txt,163.0311042
0513pm,“要是正副总统都感染就轮到佩洛西上位”，特朗普很慌：那我们要小心了.txt,110.8741204
0514am,美国新冠肺炎确诊病例已超138万 死亡病例超8.3万.txt,4.985031023
0514am,消息人士：中方准备惩戒美国就疫情滥诉中国的实体和个人！.txt,149.0285328
0514pm,特朗普：新冠病毒疫情的暴发表明全球化时代已经结束.txt,13.41502445
0517pm,美国这州大改新冠肺炎死亡统计标准 数字骤降25%.txt,44.31260927
0517pm,钟南山：中国尚未建立起新冠免疫 警惕第二波疫情.txt,155.3256402
0518am,美国这州大改新冠肺炎死亡统计标准 数字骤降25%.txt,44.31260927
0518pm,特朗普助手公然说“中国派数十万人满世界播种病毒”.txt,104.8846543
0518pm,习近平在世卫大会视频会议开幕式上致辞.txt,533.714166
0519am,特朗普带货：我就吃这药防新冠 无效也吃.txt,51.93750028
0519pm,武汉全市集中核酸检测开展5天:新增58名无症状感染者.txt,245.66265
0519pm,中方对澳大麦征收反倾销税是否与澳此前所提疫情“独立国际审议”有关？外交部回应.txt,85.7854326
0519pm,骂世卫是“中国傀儡”，他还写信威胁谭德塞！.txt,133.0799116
0520pm,振奋全美国的疫苗“好消息”又是忽悠？！学者怒批不诚信.txt,131.7078128
0523am,5月22日湖北新增无症状感染者25例，转确诊0例.txt,45.1443904
0523am,截至5月22日24时新型冠状病毒肺炎疫情最新情况.txt,44.23074298
0524am,湖北卫健委：新增无症状感染者30例.txt,56.31878659
0524am,31省区市新增3例确诊病例 新增2例境外输入病例.txt,46.40551907
0524pm,习近平参加湖北代表团审议.txt,475.8903056
0527am,美国新冠肺炎死亡病例超10万例.txt,41.47289711
0527am,死亡病例马上超10万，特朗普发推：如果不是我做得好，会有150到200万人死亡！.txt,12.67719911
0529pm,习近平同秘鲁总统就抗击疫情合作互致信函.txt,88.46753167
0530am,美国新增23155例新冠肺炎确诊病例 累计确诊1735971例.txt,-0.457137001
0601am,美宣布将要退出世卫组织后 台湾尴尬了.txt,134.4420798
0601pm,骚乱第6天，终于有人想起疫情了！.txt,59.19985453
0605pm,北京解除湖北(含武汉)进京限制 社区不再要求体温检测.txt,174.2727661
0607am,截至6月6日24时新型冠状病毒肺炎疫情最新情况.txt,44.54037196
0607am,习近平：大疫当前 团结合作才是正道.txt,59.53616764
0607pm,澳研究报告揭秘“新冠病毒中国造”来源！.txt,116.945508
0608am,31省区市新增4例新冠肺炎 四川新增3例境外输入.txt,51.12945195
0608pm,美议员称“有证据显示中国破坏美疫苗研发”中方回应.txt,76.6347552
0609pm,纳瓦罗又放厥词 外交部：建议他抽空读一读中国抗疫白皮书.txt,60.00219952
0610am,纳瓦罗又放厥词 外交部：建议他抽空读一读中国抗疫白皮书.txt,60.00219952
0611am,惊人发现：美国拒绝调查新冠病毒起源.txt,46.97698583
0611pm,惊人发现：美国拒绝调查新冠病毒起源.txt,46.97698583
0612am,第二波疫情即将来袭，美股崩盘！美国财长放狠话.txt,502.3048471
0612pm,环球时报证实：国企员工出国可接种新冠病毒疫苗.txt,205.1831102
0612pm,第二波疫情即将来袭，美股崩盘！美国财长放狠话.txt,502.3048471
0613am,31省区市新增11例新冠肺炎，北京新增6例本土病例.txt,38.33840941
0613pm,北京再公布昨日4例确诊病例，新发地45人咽拭子阳性.txt,72.05097114
0614am,北京13日新增报告36例新冠肺炎确诊病例.txt,44.33184511
0614pm,北京新增8例确诊病例，其中7例详情公布.txt,31.50945757
0615am,疫情防控中失职失责 北京丰台副区长周宇清等被免职.txt,62.28439195
0615am,北京14日新增36例新冠肺炎确诊病例 新增无症状感染者6例.txt,38.19628846
0616pm,“零号病人”是谁？关于北京疫情的10个问答.txt,139.4557361
0617pm,中非团结抗疫特别峰会开始举行 习近平在北京主持.txt,55.09867741
0618am,北京此次疫情首例确诊患者“西城大爷”，立了一功！.txt,45.18480885
0618am,习近平主持中非抗疫峰会并发表主旨讲话.txt,698.3792826
0618pm,中国疾控中心流行病学首席专家吴尊友：北京疫情已经控制住了.txt,13.19720627
0619am,三进新发地，中国疾控中心病毒病所发现了什么？.txt,117.0711163
0619pm,北大国际医院一护士感染 全院封闭.txt,51.03855984
0619pm,习近平论述全球抗疫的6个维度.txt,588.7783615
0622am,北京疫情还会持续多久？疾控专家给出一个预测.txt,16.57892392
0623pm,北京新一波疫情为什么没出现死亡病例？答案来了.txt,8.774193477
0624am,北京301医院现疫情？海淀新增百余封闭小区？官方辟谣.txt,37.26624153
0624pm,难得：北京疫情，澳大利亚媒体能说出这种话.txt,131.2731684
0627pm,蚊蝇增多是否会传播新冠病毒？官方回应来了.txt,30.09586353
0628am,美国新增45300例新冠肺炎确诊病例 再创历史新高.txt,17.10594659
0706pm,外交部回应所谓世卫承认“真相”：美国政客歪曲事实编造谎言.txt,57.16058008
0707pm,世卫组织称本周派专家组来华开展新冠病毒溯源调查 中方回应.txt,93.98354362
0708am,美国正式退出世卫组织.txt,68.48049454
0708am,同舟共济 习近平战“疫”信札传深情.txt,70.37183106
0708am,世卫组织称本周派专家组来华开展新冠病毒溯源调查 中方回应.txt,93.98354362
0710am,张文宏称中国疫情已经结束：药物疫苗是为未来而造.txt,12.16998486
0711pm,北京疾控通报一起聚集性疫情：确诊13例.txt,115.9180654
0712am,北京疾控通报一起聚集性疫情：确诊13例.txt,115.9180654
0712pm,香港大学前雇员跑美国称中国“隐瞒”疫情 港大回应.txt,121.8827409
0714pm,长江武汉段成“悬河”，江面高过江堤外路面.txt,15.8703162
0715am,美国多少人支持特朗普叫“中国病毒”？民调结果有了.txt,56.91543425
0715pm,美国多少人支持特朗普叫“中国病毒”？民调结果有了.txt,56.91543425
0722pm,美方公布与武汉病毒所相关外交电报 外交部回应.txt,73.55044222
0723am,美方公布与武汉病毒所相关外交电报 外交部回应.txt,73.55044222
0728pm,大连疫情已传5地9城市 北京出现关联病例.txt,98.09599979
0729am,外交部：我们愿在疫苗方面优先考虑菲方需求.txt,115.130791
0804pm,新疆疾控中心：基因测序显示此次疫情来源于同一传染源.txt,53.85541211
0812pm,特朗普称疫情大流行后与中国领导人关系出现裂痕，外交部回应.txt,30.12681241
0815am,从武汉撤离的“明星宝宝” 在美国确诊了.txt,133.1661957
0817am,香港警队回应“英国禁止培训港警”：鉴于疫情已主动暂缓派员培训.txt,204.3092121
0819am,武汉开party，西方有人酸了，有人醒了.txt,168.2308227
0823am,我国已于7月22日正式启动新冠疫苗紧急使用.txt,224.5384467
0827am,日本记者一下飞机就惊了：中国防疫做到这种地步吗.txt,100.217425
0827pm,美教授课纲公然使用“中共病毒” 雪城大学果断出手.txt,94.19199014
0828pm,加拿大外交部长：同中国终止新冠疫苗合作，与两国间紧张的外交关系无关.txt,268.8913339
0829am,王毅：将应对疫情不力责任推卸给中方没有事实依据.txt,77.79891257
0903am,大型纪录片《同心战“疫”》第一集《令出如山》.txt,1001.378198
0907pm,时政微纪录丨携手抗疫 共克时艰.txt,90.3986322
0908pm,全国抗击新冠肺炎疫情表彰大会举行 习近平颁授勋章奖章并发表重要讲话.txt,1126.57256
0909am,全国抗击新冠肺炎疫情表彰大会在京隆重举行.txt,1109.334027
0911am,国产新冠灭活疫苗已紧急接种数十万人 目前零感染.txt,88.14171419
0912pm,感染速度全球最快！印度疫情严峻 另一个危机又来了.txt,127.5115601
0913am,联大压倒性通过新冠疫情决议，美国站在169国对立面.txt,376.2415373
0915pm,偷渡者带来新冠，这座小城封闭，省长火速赶到.txt,291.3746833
0923am,联合国大会演讲，特朗普张口就是“中国病毒”.txt,134.0952611
0925am,青岛发现2名装卸工人感染新冠病毒 属无症状感染者.txt,166.5407062
0929am,中方对新冠病毒溯源问题有何看法？外交部表态.txt,96.91021953
0930pm,2020年首虎被双开：敷衍应付中央抗疫决策.txt,66.31218952
0930pm,中国疫苗定价明显高于欧美？中方：这种说法没有依据.txt,70.26689476
1001am,2020年首虎被双开：敷衍应付中央抗疫决策.txt,66.31218952
1002pm,特朗普新冠检测阳性后 美媒开始“急”了：拜登危险.txt,116.1465612
1003am,美媒：确诊新冠后，特朗普受到惊吓并对出现症状愈发警惕.txt,3.560185332
1004pm,特朗普感染新冠 对中国意味着什么？.txt,260.5173832
1005pm,特朗普：我现在懂新冠病毒了 这病还真有意思.txt,7.063464635
1007am,特朗普竞选团队发言人攻击拜登：没得过新冠，没有第一手经验.txt,54.63024563
1012am,青岛新型冠状病毒肺炎疫情情况通报.txt,106.1188529
1013am,一地升为中风险地区！青岛通报疫情防控最新情况.txt,45.593581
1013pm,青岛市6例确诊病例中重型3例.txt,24.92348898
1014am,10月13日山东新增本地确诊6例 均由无症状感染者转归.txt,29.4146502
1014pm,青岛新冠危重型病例详情披露：38岁男性.txt,675.0920193
1015am,10月14日，山东新增本地确诊病例1例，由无症状感染者转归.txt,29.6005027
1016am,青岛疫情源头是40岁装卸工？青岛市卫健委：溯源尚无结论.txt,86.16864301
1016pm,青岛疫情传染源查清 官方通报详细流调过程.txt,56.28706678
1016pm,蓬佩奥称中国已为释放新冠病毒付出代价 中方回应.txt,60.24861702
1017pm,溯源青岛疫情时 中疾控有重大发现！.txt,130.0970614
1018am,溯源青岛疫情时 中疾控有重大发现！.txt,130.0970614
1019am,关于疫情，广州、青岛作出重要结论！钟南山最新判断.txt,140.3477494
1020pm,国家卫健委：新冠疫苗定价一定在大众可接受的范围内.txt,80.94482786
1022pm,反转？巴西总统不同意买中国疫苗.txt,231.9961385
1023pm,纽约州长新书积极评价中国抗疫成就 外交部回应.txt,206.9486479
1024am,纽约州长新书积极评价中国抗疫成就 外交部回应.txt,206.9486479
1025am,巴西改变主意，批准进口600万剂中国新冠疫苗.txt,139.1563688
1025am,新疆喀什地区疏附县报告1例无症状感染者.txt,57.33457237
1025pm,新疆新增137例无症状感染者.txt,27.1266929
1026am,10月25日新疆(含兵团)新增无症状感染者137例.txt,39.15617583
1026pm,截至10月26日16时 新疆喀什新增无症状感染者26例.txt,13.92651823
1027am,10月26日新疆新增无症状感染者26例 均在喀什地区.txt,35.81388464
1027pm,新疆喀什新增5例确诊病例 新增19例无症状感染者.txt,28.70321097
1027pm,以色列媒体：我们的特工成功将中国疫苗带回以色列.txt,82.39500186
1028am,喀什疫情控制住了吗？曾光：现在还是关键时刻，只能说“初战告捷”.txt,132.2874105
1028am,以色列媒体：我们的特工成功将中国疫苗带回以色列.txt,82.39500186
1030am,青岛通报1例新增确诊病例详情 系隔离封闭病区护士.txt,31.54362609
1108pm,天津：新增本地确诊病例1例 迅速进入战时状态.txt,19.21533693
1109pm,上海报告一例新冠肺炎确诊病例，浦东祝桥镇营前村列为中风险地区.txt,186.1781951
1112am,反转了！巴西恢复中国疫苗测试 背后原来有一场政治大戏.txt,201.4648662
1120pm,天津新增病例涉及中小学幼儿园全部停课.txt,27.25110208
1120pm,加拿大向WTO“告状”中国，遭全球网友怒怼.txt,69.09428224
1121am,天津同一小区，为何先后发现两批感染者？.txt,169.5945943
1121am,上海新增2例本地新冠肺炎确诊病例 正全面开展流行病学调查.txt,13.82242428
1121am,天津、上海接连出现本土病例！张文宏这句话值得深思.txt,219.9169764
1121pm,内蒙古自治区报告新增本土新冠肺炎确诊病例2例.txt,36.96612081
1122pm,上海市新增2例本地新冠肺炎确诊病例，均系此前确诊病例的密接者.txt,37.37636992
1122pm,勠力战疫共创未来 习近平倡议G20在这四方面发力.txt,250.1611179
1123am,上海市新增2例本地新冠肺炎确诊病例，均系此前确诊病例的密接者.txt,37.37636992
1125pm,国药集团提交新冠疫苗上市申请，明年产能超10亿剂.txt,114.5710243
1127pm,外交部回应对病毒溯源工作立场：希望各国都采取积极态度.txt,53.19455283
1201pm,中方向朝鲜领导人金正恩提供新冠疫苗？外交部回应.txt,52.24974886
1203am,普京要求下周开始大规模新冠疫苗接种：你们不用汇报，直接做.txt,29.63568345
1204pm,新冠疫苗，中国“一至两周将有大消息公布”.txt,209.5199882
1208am,“病毒从冷链传入武汉”？值得溯源.txt,500.4004718
1208am,成都新增3例新冠肺炎确诊病例，均系昨日郫都区确诊病例的关联病例.txt,97.62511084
1208pm,华西专家栾荣生：成都不会成为下一个青岛 更不会成为下一个武汉.txt,67.03860967
1209am,12月8日成都市新增4例新冠肺炎确诊病例和1名无症状感染者.txt,67.19173135
1209pm,成都疫情感染源在哪里？专家：应继续高度关注冷链货物.txt,128.8596507
1210pm,意大利在新冠病毒的溯源上 有了重大发现！.txt,93.53258224
1211am,病毒来源上有了新发现 BBC记者却给中国泼了一盆脏水.txt,112.3422844
1212pm,美国批准辉瑞疫苗紧急使用 美媒称FDA局长被"威胁"不批就下台.txt,78.48238
1213am,为拿到中国疫苗，匈牙利要釆取非常规手段了.txt,58.21031969
1213pm,又添一国！中国新冠灭活疫苗在巴林获批上市！.txt,129.3822484
1214am,12天6地现本土病例 李兰娟提醒.txt,109.1453084
1214pm,美国首批疫苗出仓，分配竟成了大问题.txt,226.3324211
1215pm,武汉女副市长任上被拿下：5天前有公开活动，疫情期间多次参加发布会.txt,234.5245478
1217am,中国疫苗，重磅官宣！.txt,108.8929823
1217pm,法国总统府：马克龙新冠检测结果呈阳性 将隔离7天.txt,21.77690772
1217pm,世卫专家拟明年1月赴武汉溯源调查 外交部回应.txt,133.6745086
1218am,盘点：今年确诊感染新冠病毒的国家领导人.txt,38.28474935
1218am,世卫专家拟明年1月赴武汉溯源调查 外交部回应.txt,133.6745086
1222am,美国当选总统拜登公开接种新冠疫苗.txt,57.19480927
1222am,世卫组织：多国出现感染英国新冠病毒变体的病例.txt,28.61298096
1222pm,大连全面开展新冠病毒核酸检测.txt,107.7065344
1223am,辽宁省长刘宁，赴大连指导疫情防控工作.txt,256.630647
1223pm,宁波：关于我市发现一例外地来甬新冠病毒无症状感染者的情况通报.txt,159.8696318
1224pm,北京通报新增2例无症状感染者流行病学调查详情.txt,145.3090849
1224pm,新冠病毒变种多国蔓延，六个核心问题都在这了.txt,325.9189602
1225am,黎智英获准保释后第一天，港媒称其无视病毒传播风险似乎在家中搞聚餐.txt,86.15015432
1226am,为塞尔维亚带来首批援塞中国专家的英雄机长，因新冠肺炎去世.txt,271.505993
1226am,迫于压力！外媒：美国准许伊朗转账买新冠疫苗.txt,52.02439314
1226pm,北京一名本地确诊病例曾拒绝发热门诊留观.txt,21.47114242
1227am,北京26日新增5例本地确诊病例和1例本地无症状感染者.txt,74.21300221
1227am,31省区市26日新增确诊病例22例 其中本土病例12例.txt,44.13790712
1227pm,北京三区13人感染新冠 病源来自何处？.txt,295.7394273
1228am,英国新冠疫情大爆发，仍挡不住“港独”疯狂逃亡.txt,98.07673337
1228am,最全梳理：北京四天增十名本土感染者，他们什么关系？去过哪里？.txt,330.0830982
1230pm,国务院联防联控机制：12月新增本土确诊病例104例 防控不力将追责.txt,114.3481095
1230pm,顺义聚集性疫情来源水落石出！今日北京发布会一文看懂.txt,685.4257842
1231am,31省区市新增确诊病例25例 本土病例9例.txt,55.91678433
1231pm,北京顺义区发生局部聚集性疫情 多人被问责.txt,254.0432544
1231pm,中国新冠疫苗全民免费提供，关于疫苗的最权威信息都在这.txt,467.8008404
